{"learning_curve": [0.11129987239837646, 0.0638999342918396, 0.047499895095825195, 0.03949993848800659, 0.03389984369277954, 0.029999911785125732, 0.02689993381500244, 0.025799930095672607, 0.023999929428100586, 0.023099899291992188, 0.021399855613708496, 0.020599842071533203], "lr": 0.001, "test_error": 0.021399855613708496, "num_filters": 16, "batch_size": 128}