{"lr": 0.001, "num_filters": 16, "test_error": 0.8893000036478043, "batch_size": 128, "learning_curve": [0.28060007095336914, 0.19380003213882446, 0.17030000686645508, 0.1565999984741211, 0.14639991521835327, 0.14059996604919434, 0.13359999656677246, 0.12819993495941162, 0.12339997291564941, 0.12019991874694824, 0.11819994449615479, 0.1157999038696289]}