{"lr": 0.001, "num_filters": 16, "test_error": 0.8307999968528748, "batch_size": 128, "learning_curve": [0.12109994888305664, 0.07139986753463745, 0.050499916076660156, 0.0410999059677124, 0.035899817943573, 0.03159987926483154, 0.02919989824295044, 0.026999831199645996, 0.02559983730316162, 0.023799896240234375, 0.022799909114837646, 0.02219986915588379]}