{"lr": 0.001, "num_filters": 16, "test_error": 0.8943000137805939, "batch_size": 128, "learning_curve": [0.1425999402999878, 0.0932999849319458, 0.06649994850158691, 0.054599881172180176, 0.048799872398376465, 0.044499874114990234, 0.04079991579055786, 0.03849983215332031, 0.03699988126754761, 0.03579986095428467, 0.034799933433532715, 0.03299987316131592]}