{"learning_curve": [0.10979992151260376, 0.05749994516372681, 0.04539990425109863, 0.03809988498687744, 0.032399892807006836, 0.028199851512908936, 0.025699853897094727, 0.0232999324798584, 0.022099852561950684, 0.02069985866546631, 0.01959991455078125, 0.018999814987182617], "lr": 0.001, "test_error": 0.019199848175048828, "num_filters": 16, "batch_size": 128}