{"lr": 0.001, "num_filters": 16, "test_error": 0.9102000072598457, "batch_size": 128, "learning_curve": [0.10229992866516113, 0.05809986591339111, 0.04269981384277344, 0.034699857234954834, 0.029599905014038086, 0.026399850845336914, 0.024799823760986328, 0.023199915885925293, 0.022599875926971436, 0.021499931812286377, 0.02069985866546631, 0.01999986171722412]}