{"learning_curve": [0.3682001233100891, 0.20229995250701904, 0.17649996280670166, 0.164900004863739, 0.15569990873336792, 0.14879989624023438, 0.13949990272521973, 0.13309991359710693, 0.12759995460510254, 0.12259984016418457, 0.11830002069473267, 0.11589992046356201], "lr": 0.001, "test_error": 0.12019997835159302, "num_filters": 16, "batch_size": 128}