{"learning_curve": [0.12429988384246826, 0.07149994373321533, 0.05089986324310303, 0.043399810791015625, 0.037899911403656006, 0.033699870109558105, 0.03099977970123291, 0.029099881649017334, 0.027199864387512207, 0.02559983730316162, 0.02409994602203369, 0.023399829864501953], "lr": 0.001, "test_error": 0.025299906730651855, "num_filters": 3, "batch_size": 128}
