{"learning_curve": [0.6591000556945801, 0.4094001054763794, 0.29680001735687256, 0.22470003366470337, 0.17879998683929443, 0.14719992876052856, 0.12819987535476685, 0.11349993944168091, 0.10489994287490845, 0.09819984436035156, 0.0922999382019043, 0.08799988031387329], "lr": 0.0001, "test_error": 0.09569990634918213, "num_filters": 16, "batch_size": 128}