{"lr": 0.001, "num_filters": 16, "test_error": 0.9137000069022179, "batch_size": 128, "learning_curve": [0.13609999418258667, 0.08489996194839478, 0.06249988079071045, 0.04889988899230957, 0.04219996929168701, 0.03739982843399048, 0.03459984064102173, 0.03309988975524902, 0.03169989585876465, 0.029399871826171875, 0.02819991111755371, 0.025899887084960938]}