{"lr": 0.1, "num_filters": 16, "test_error": 0.8843000084161758, "batch_size": 128, "learning_curve": [0.8936000093817711, 0.8936000093817711, 0.8936000093817711, 0.8936000093817711, 0.8936000093817711, 0.8936000019311905, 0.8936000093817711, 0.8936000093817711, 0.8936000019311905, 0.8936000093817711, 0.8936000093817711, 0.8936000093817711]}