{"learning_curve": [0.03979992866516113, 0.030699968338012695, 0.028599858283996582, 0.02279984951019287, 0.01849985122680664, 0.015499889850616455, 0.013399839401245117, 0.012299895286560059, 0.011799812316894531, 0.012399852275848389, 0.012099862098693848, 0.011699914932250977], "lr": 0.01, "test_error": 0.010599911212921143, "num_filters": 16, "batch_size": 128}