{"lr": 0.0001, "num_filters": 16, "test_error": 0.8845000043511391, "batch_size": 128, "learning_curve": [0.6386000514030457, 0.49940013885498047, 0.36370009183883667, 0.26180005073547363, 0.19390004873275757, 0.1592000126838684, 0.13849997520446777, 0.12599992752075195, 0.11769992113113403, 0.10989987850189209, 0.10289984941482544, 0.09849995374679565]}