{"lr": 0.01, "num_filters": 16, "test_error": 0.8986999988555908, "batch_size": 128, "learning_curve": [0.04179990291595459, 0.028599977493286133, 0.024599850177764893, 0.022599875926971436, 0.019099950790405273, 0.016099929809570312, 0.013799786567687988, 0.013199806213378906, 0.013299882411956787, 0.012699902057647705, 0.012499809265136719, 0.011999905109405518]}