{"learning_curve": [0.8936000093817711, 0.8936000019311905, 0.8936000093817711, 0.8936000093817711, 0.8936000093817711, 0.8936000093817711, 0.8936000093817711, 0.8936000093817711, 0.8936000093817711, 0.8936000093817711, 0.8936000093817711, 0.8936000093817711], "lr": 0.1, "test_error": 0.8865000009536743, "num_filters": 16, "batch_size": 128}