{"learning_curve": [0.14800000190734863, 0.09779989719390869, 0.0732998251914978, 0.059999823570251465, 0.0512998104095459, 0.0447998046875, 0.03939986228942871, 0.03599989414215088, 0.03389984369277954, 0.031299889087677, 0.02979987859725952, 0.028099894523620605], "lr": 0.001, "test_error": 0.02959996461868286, "num_filters": 16, "batch_size": 128}